<?xml version="1.0" encoding="UTF-8"?>
<project-private xmlns="http://www.netbeans.org/ns/project-private/1">
    <editor-bookmarks xmlns="http://www.netbeans.org/ns/editor-bookmarks/2" lastBookmarkId="0"/>
    <open-files xmlns="http://www.netbeans.org/ns/projectui-open-files/2">
        <group>
            <file>file:/D:/KULIAHKU/SEMESTER%203/JAVA%20SEMESTER%203/Jobsheet7Rony/src/TugasNo2rony/Manusia01.java</file>
            <file>file:/D:/KULIAHKU/SEMESTER%203/JAVA%20SEMESTER%203/Jobsheet7Rony/src/TugasNo2rony/Main01.java</file>
            <file>file:/D:/KULIAHKU/SEMESTER%203/JAVA%20SEMESTER%203/Jobsheet7Rony/src/TugasNo2rony/Dosen01.java</file>
            <file>file:/D:/KULIAHKU/SEMESTER%203/JAVA%20SEMESTER%203/Jobsheet7Rony/src/TugasNo2rony/Mahasiswa01.java</file>
        </group>
    </open-files>
</project-private>
